count_objects,count_objects_public,date_end,date_start,department_id,id,title,url
26,19,1997-01-26,1997-01-15,35347495,35461157,Object Lessons: 43rd Annual Winter Antiques Show,http://collection.cooperhewitt.org/exhibitions/35461157/
14,14,1936-06-08,1936-05-02,35347495,35461163,Winslow Homer 1836-1910,http://collection.cooperhewitt.org/exhibitions/35461163/
13,12,1938-01-16,1937-12-04,35347495,35461165,"Exhibition of Wallpaper, Historical and Contemporary",http://collection.cooperhewitt.org/exhibitions/35461165/
1,1,1936-04-15,1936-03-02,35347495,35461159,Fourth Anniversary Exhibition,http://collection.cooperhewitt.org/exhibitions/35461159/
53,23,2014-11-03,2014-05-30,35347495,35457095,"Lockwood de Forest, Frederic Church, and the Passion for the Exotic",http://collection.cooperhewitt.org/exhibitions/35457095/
4,4,1971-12-31,1970-11-01,35347493,35349717,Master Printmakers from Cooper-Hewitt Museum of Decorative Arts & Design,http://collection.cooperhewitt.org/exhibitions/35349717/
111,88,1995-08-20,1995-04-11,35347503,35349721,Kitsch to Corbusier: Wallpapers from the 1950s,http://collection.cooperhewitt.org/exhibitions/35349721/
1,1,1965-10-10,1965-06-05,35347493,35349713,Mostra dei Guardi,http://collection.cooperhewitt.org/exhibitions/35349713/
2,2,1990-04-22,1990-02-12,35347493,35349735,Egypt: The Legacy,http://collection.cooperhewitt.org/exhibitions/35349735/
2,2,1986-03-30,1986-02-19,35347493,35349743,Paestum and the Doric Revival,http://collection.cooperhewitt.org/exhibitions/35349743/
2,2,1979-09-09,1979-07-01,35347503,35349783,Treasure House:  Museums of New York State,http://collection.cooperhewitt.org/exhibitions/35349783/
1,1,1960-11-05,1960-10-20,35347493,35349761,The Commedia dell'Arte,http://collection.cooperhewitt.org/exhibitions/35349761/
1,1,1992-05-17,1992-02-27,35347493,35349757,Jusepe de Ribera,http://collection.cooperhewitt.org/exhibitions/35349757/
76,62,1987-02-15,1984-11-06,35347497,35349785,New Vistas:  American Art Pottery from The Cooper-Hewitt Museum,http://collection.cooperhewitt.org/exhibitions/35349785/
2,2,1989-11-19,1989-09-14,35347493,35349745,Europa 1789,http://collection.cooperhewitt.org/exhibitions/35349745/
2,2,1979-05-31,1979-04-01,35347493,35349775,The Arts of Japan,http://collection.cooperhewitt.org/exhibitions/35349775/
2,1,1968-03-31,1968-02-16,35347493,35349749,The Last Flowering of Religious Art,http://collection.cooperhewitt.org/exhibitions/35349749/
3,3,1992-08-30,1991-03-26,35347493,35349755,Objects of Adornment,http://collection.cooperhewitt.org/exhibitions/35349755/
4,4,1968-02-28,1968-01-19,35347493,35349701,Drawings of the Bibiena Family,http://collection.cooperhewitt.org/exhibitions/35349701/
146,127,1990-04-01,1989-08-22,35347493,35349753,Jewelry: A Selection from the Cooper-Hewitt Collection,http://collection.cooperhewitt.org/exhibitions/35349753/
1,1,1948-01-06,1947-12-06,35347493,35349731,The Gallant Style,http://collection.cooperhewitt.org/exhibitions/35349731/
8,6,1990-12-30,1990-09-25,35347493,35349709,18th Century Scenic & Architectural Design: Drawings by the Galli Bibiena Family,http://collection.cooperhewitt.org/exhibitions/35349709/
2,2,1948-02-29,1948-01-15,35347493,35349747,Theater Arts,http://collection.cooperhewitt.org/exhibitions/35349747/
1,1,1963-06-05,1963-06-15,35347493,35349733,Rome,http://collection.cooperhewitt.org/exhibitions/35349733/
2,2,1980-09-14,1980-07-29,35347493,35349781,The Human Form: Contemporary Figure Drawing and the Academic Tradition,http://collection.cooperhewitt.org/exhibitions/35349781/
3,3,1976-11-01,1976-10-01,35347493,35349703,Satellite Exhibition,http://collection.cooperhewitt.org/exhibitions/35349703/
4,4,1995-01-15,1994-01-20,35347493,35349739,Egyptomania,http://collection.cooperhewitt.org/exhibitions/35349739/
4,3,1992-02-16,1991-01-29,35347493,35349773,The Artistic New York of Louis Comfort Tiffany,http://collection.cooperhewitt.org/exhibitions/35349773/
1,1,1961-02-15,1960-12-15,35347493,35349727,The Ruins of Rome,http://collection.cooperhewitt.org/exhibitions/35349727/
6,3,1993-07-23,1993-04-23,35347503,35349787,"Recent Acquisitions, Collecting A to Z",http://collection.cooperhewitt.org/exhibitions/35349787/
9,9,1969-06-08,1969-05-10,35347493,35349771,East Hampton: The American Barbizon,http://collection.cooperhewitt.org/exhibitions/35349771/
6,6,1953-01-01,1952-11-01,35347493,35349763,Jewelry Exhibition,http://collection.cooperhewitt.org/exhibitions/35349763/
3,3,1940-10-19,1940-09-09,35347493,35349765,Italian Drawings for Jewelry: 1700-1875,http://collection.cooperhewitt.org/exhibitions/35349765/
2,2,1976-06-13,1976-04-29,35347493,35349715,Old Master Drawings from American Collections,http://collection.cooperhewitt.org/exhibitions/35349715/
1,1,1993-09-26,1993-05-04,35347493,35349767,Tools for the Table: Designs for Dining,http://collection.cooperhewitt.org/exhibitions/35349767/
2,2,1948-02-29,1948-01-15,35347493,35349725,Theater Arts,http://collection.cooperhewitt.org/exhibitions/35349725/
1,1,1958-03-02,1958-01-22,35347493,35349711,Master Drawings of Venice,http://collection.cooperhewitt.org/exhibitions/35349711/
6,6,1975-01-09,1975-06-06,35347493,35349779,"Academy, The Academic Tradition in American Art",http://collection.cooperhewitt.org/exhibitions/35349779/
2,2,1965-08-25,1965-07-08,35347493,35349751,Theater Designs by the Bibiena,http://collection.cooperhewitt.org/exhibitions/35349751/
21,19,1985-01-06,1984-10-16,35347493,35349707,Designed for Theater,http://collection.cooperhewitt.org/exhibitions/35349707/
2,1,1981-05-02,1981-04-08,35347503,35349789,An American Museum of Decorative Art and Design...Cooper-Hewitt Collections,http://collection.cooperhewitt.org/exhibitions/35349789/
23,23,1969-11-12,1969-09-23,35347493,35349799,A Stately Pleasure Dome,http://collection.cooperhewitt.org/exhibitions/35349799/
8,8,1975-04-05,1975-03-18,35347493,35349729,Drawings by Italian Architects,http://collection.cooperhewitt.org/exhibitions/35349729/
1,1,1983-09-05,1983-03-19,35347503,35349719,Unknown Title,http://collection.cooperhewitt.org/exhibitions/35349719/
4,4,1994-05-05,1994-02-02,35347493,35349737,La Chimere de Monsieur Desprez,http://collection.cooperhewitt.org/exhibitions/35349737/
5,5,2001-01-14,2000-09-27,35347499,35350717,Paisaje Americano: Explorar El Eden,http://collection.cooperhewitt.org/exhibitions/35350717/
1,1,1987-06-17,1987-04-22,35347499,35350721,The Grand Game of Baseball.. and the Brooklyn Dodgers,http://collection.cooperhewitt.org/exhibitions/35350721/
7,7,1987-02-15,1986-09-19,35347499,35350735,En Ny Varld: Amerikanst Landskapsmaleri 1830-1900,http://collection.cooperhewitt.org/exhibitions/35350735/
2,1,0000-00-00,1975-12-07,35347499,35350791,The European Vision of America,http://collection.cooperhewitt.org/exhibitions/35350791/
2,2,1984-05-24,1984-02-20,35347499,35350743,"Early Landscapes of F.E. Church, 1845-54",http://collection.cooperhewitt.org/exhibitions/35350743/
1,1,1984-02-12,1983-10-01,35347499,35350761,Down Garden Paths: The Floral Enviroment in American Art,http://collection.cooperhewitt.org/exhibitions/35350761/
1,1,2004-06-28,2003-06-28,35347495,35350745,Long Term Loan/ Tiepolo,http://collection.cooperhewitt.org/exhibitions/35350745/
1,1,1977-02-18,1977-01-07,35347499,35350775,New York Shakespeare Festival/Marco Polo Sings a Solo,http://collection.cooperhewitt.org/exhibitions/35350775/
1,1,1970-08-30,1970-04-04,35347499,35350793,"Landscape in Maine, 1820 - 1970",http://collection.cooperhewitt.org/exhibitions/35350793/
1,1,1965-03-04,1965-02-08,35347499,35350741,Nineteenth Century Romantic Painting,http://collection.cooperhewitt.org/exhibitions/35350741/
240,155,2006-10-22,2006-05-19,35347493,35350755,"Frederic Church, Winslow Homer & Thomas Moran: Tourism and the American Landscape",http://collection.cooperhewitt.org/exhibitions/35350755/
95,77,2008-04-06,2007-11-09,35347495,35350753,Multiple Choice,http://collection.cooperhewitt.org/exhibitions/35350753/
272,19,2005-10-30,2005-04-08,35347495,35350777,Extreme Textiles: Designing for High Performance,http://collection.cooperhewitt.org/exhibitions/35350777/
2,2,1964-10-31,1964-04-22,35347499,35350709,Art in New York State,http://collection.cooperhewitt.org/exhibitions/35350709/
1,1,2004-05-01,2003-05-01,35347495,35350747,Secretary Small's Office loan,http://collection.cooperhewitt.org/exhibitions/35350747/
1,1,1957-12-15,1957-11-17,35347499,35350733,The Painter and the Mountain,http://collection.cooperhewitt.org/exhibitions/35350733/
1,1,1981-02-01,1980-10-26,35347499,35350781,Cooper Hewitt Collection: Silver,http://collection.cooperhewitt.org/exhibitions/35350781/
1,1,1973-10-21,1973-04-03,35347499,35350795,Winslow Homer (1973),http://collection.cooperhewitt.org/exhibitions/35350795/
1,1,1984-01-31,1983-11-01,35347499,35350739,Let Virtue Be A Guide to Thee,http://collection.cooperhewitt.org/exhibitions/35350739/
2,2,2003-03-03,2002-12-23,35347495,35350773,Radiant Skies: The Winter Landscapes of Frederic Edwin Church,http://collection.cooperhewitt.org/exhibitions/35350773/
1,1,1988-09-05,1988-04-11,35347499,35350727,"Charmed Places: Hudson River Artists and Their Homes, Studios, Gardens and Vistas",http://collection.cooperhewitt.org/exhibitions/35350727/
109,108,1972-06-03,1972-05-03,35347499,35350797,Winslow Homer: Paintings and Drawings(1972 - Wildenstein & Co),http://collection.cooperhewitt.org/exhibitions/35350797/
1,1,1989-02-25,1989-01-26,35347499,35350787,"75th Anniversary Exhibition, Baron Alexander von Humboldt",http://collection.cooperhewitt.org/exhibitions/35350787/
2,2,1959-05-17,1959-04-04,35347499,35350771,The American Muse - Parallel Trends in Literature and Art,http://collection.cooperhewitt.org/exhibitions/35350771/
1,1,1996-03-31,1994-10-28,35347499,35350765,"Head, Heart, and Hand: Elbert Hubbard and the Roycrofters",http://collection.cooperhewitt.org/exhibitions/35350765/
3,3,1976-11-30,1976-09-29,35347499,35350715,The Natural Paradise: Painting in America 1800-1950,http://collection.cooperhewitt.org/exhibitions/35350715/
2,2,1978-01-15,1977-10-08,35347499,35350725,New York the State of Art,http://collection.cooperhewitt.org/exhibitions/35350725/
1,1,1947-04-20,1947-03-09,35347499,35350711,Eighty Eminent Painters of Connecticut,http://collection.cooperhewitt.org/exhibitions/35350711/
1,1,1964-03-22,1963-05-04,35347499,35350779,"Maine and its Artists, 1710 - 1963",http://collection.cooperhewitt.org/exhibitions/35350779/
1,1,1988-04-03,1988-03-06,35347499,35350759,The American Seascape,http://collection.cooperhewitt.org/exhibitions/35350759/
5,5,1982-02-05,1982-01-11,35347499,35350789,Exotic Kingdoms:  China and Europe in the 18th Century,http://collection.cooperhewitt.org/exhibitions/35350789/
108,107,1975-01-19,1974-11-27,35347499,35350799,Winslow Homer: Paintings and Drawings (1974/75 V&A Museum),http://collection.cooperhewitt.org/exhibitions/35350799/
1,1,1972-12-03,1972-11-03,35347499,35350729,The Arcadian Landscape,http://collection.cooperhewitt.org/exhibitions/35350729/
7,7,1999-05-09,1998-06-14,35347499,35350719,"That Earlier, Wilder Image: Oil Sketches by American Landscape Painters, 1830-1880",http://collection.cooperhewitt.org/exhibitions/35350719/
2,2,2003-08-02,2003-06-16,0,35350737,"The Big, the Bold, and the Beautiful: Hand Screen Printing for Fashion and Interiors",http://collection.cooperhewitt.org/exhibitions/35350737/
2,2,1980-08-17,1980-06-10,35347495,35350457,Resorts of the Catskills,http://collection.cooperhewitt.org/exhibitions/35350457/
1,1,1979-11-25,1979-08-28,35347495,35350475,The Cooper-Hewitt Collections: Glass,http://collection.cooperhewitt.org/exhibitions/35350475/
2,2,1982-08-22,1982-06-08,35347495,35350415,The Column: Structure and Ornament,http://collection.cooperhewitt.org/exhibitions/35350415/
1,1,1982-11-07,1982-08-03,35347495,35350419,Lace,http://collection.cooperhewitt.org/exhibitions/35350419/
1,1,1982-01-03,1981-09-15,35347495,35350437,Writing and Reading,http://collection.cooperhewitt.org/exhibitions/35350437/
15,15,1977-11-13,1977-10-07,35347495,35350513,Winslow Homer (Cooper-Hewitt National Design Museum 1977),http://collection.cooperhewitt.org/exhibitions/35350513/
57,57,1975-01-11,1974-10-11,35347493,35350591,Frederic Edwin Church: The Artist at Work (1974/75),http://collection.cooperhewitt.org/exhibitions/35350591/
1,1,1982-09-10,1982-09-01,35347495,35350523,Interior Design: The New Freedom,http://collection.cooperhewitt.org/exhibitions/35350523/
2,2,1971-06-13,1971-04-18,35347499,35350593,The Beckoning Land,http://collection.cooperhewitt.org/exhibitions/35350593/
6,1,1977-07-03,1977-06-07,35347497,35350507,The Carnegie Mansion,http://collection.cooperhewitt.org/exhibitions/35350507/
9,9,1967-11-11,1966-08-29,35347493,35349817,Empire Profile,http://collection.cooperhewitt.org/exhibitions/35349817/
7,4,1993-10-17,1993-03-16,35347501,35349869,Choices: Recent Acquisitions,http://collection.cooperhewitt.org/exhibitions/35349869/
96,9,1985-05-26,1984-10-18,35347493,35349821,Old Master Prints from the Wallerstein Collection,http://collection.cooperhewitt.org/exhibitions/35349821/
21,20,1978-06-04,1978-03-21,35347501,35349835,Look Again,http://collection.cooperhewitt.org/exhibitions/35349835/
3,3,1993-04-18,1992-07-20,35347493,35349843,Expressions of Place: The Art of William Stanley Haseltine,http://collection.cooperhewitt.org/exhibitions/35349843/
2,2,1953-12-20,1953-11-19,35347493,35349823,The Turn of the Century,http://collection.cooperhewitt.org/exhibitions/35349823/
3,3,1993-01-03,1989-10-08,35347497,35349883,First Encounters: Spanish Explorations in Caribbean and U.S. 1492-1570,http://collection.cooperhewitt.org/exhibitions/35349883/
11,10,1960-08-31,1960-04-20,35347501,35349861,The Logic and Magic of Color,http://collection.cooperhewitt.org/exhibitions/35349861/
13,13,1978-09-03,1978-06-06,35347501,35349857,Western European Embroidery,http://collection.cooperhewitt.org/exhibitions/35349857/
5,4,1961-11-17,1961-10-13,35347503,35349893,Method and Style in Restoration,http://collection.cooperhewitt.org/exhibitions/35349893/
2,2,1976-05-14,1976-04-04,35347493,35349841,The Hudson and the Rhine,http://collection.cooperhewitt.org/exhibitions/35349841/
3,2,1966-01-01,1964-01-01,35347503,35349855,Paper on the Wall,http://collection.cooperhewitt.org/exhibitions/35349855/
4,4,1965-03-28,1965-03-14,35347493,35349801,Drawings and Architecture,http://collection.cooperhewitt.org/exhibitions/35349801/
3,3,1980-10-26,1980-08-12,35347503,35349853,Wallcoverings from the Cooper-Hewitt Collection,http://collection.cooperhewitt.org/exhibitions/35349853/
21,21,1986-06-13,1986-04-29,35347497,35349809,Bon Voyage! Designs for Travel,http://collection.cooperhewitt.org/exhibitions/35349809/
2,2,1973-07-29,1973-06-20,35347493,35349847,"William Trost Richards: American Landscape and Marine Painter, 1833-1905",http://collection.cooperhewitt.org/exhibitions/35349847/
1,1,1989-04-30,1989-02-18,35347497,35349881,Infinite Riches: Jewelry Through the Centuries,http://collection.cooperhewitt.org/exhibitions/35349881/
7,7,1967-06-07,1967-05-22,35347493,35349803,Living Today with Antiques,http://collection.cooperhewitt.org/exhibitions/35349803/
9,3,1985-05-12,1985-02-19,35347497,35349839,Four Continents [The] (1985),http://collection.cooperhewitt.org/exhibitions/35349839/
1,1,1986-12-31,1986-04-25,35347497,35349873,"John Frazee, Sculptor",http://collection.cooperhewitt.org/exhibitions/35349873/
2,2,1957-11-30,1957-10-22,35347493,35349827,The Art of Hector Guimard,http://collection.cooperhewitt.org/exhibitions/35349827/
1,1,1983-07-10,1982-03-19,35347497,35349897,Celebrations:  A World of Art and Ritual,http://collection.cooperhewitt.org/exhibitions/35349897/
8,7,1972-02-25,1972-01-25,35347493,35349887,Four Continents (1972),http://collection.cooperhewitt.org/exhibitions/35349887/
1,1,1990-02-18,1989-09-01,35347493,35349871,Guilio Romano,http://collection.cooperhewitt.org/exhibitions/35349871/
2,2,1974-04-10,1974-03-15,35347493,35349863,Papercuts: Art and Craft,http://collection.cooperhewitt.org/exhibitions/35349863/
12,11,1957-08-10,1957-05-10,35347493,35349865,Ends and Beginnings,http://collection.cooperhewitt.org/exhibitions/35349865/
6,4,1990-06-10,1990-04-15,35347497,35349815,Louis Comfort Tiffany and Art Nouveau in America,http://collection.cooperhewitt.org/exhibitions/35349815/
20,11,1993-01-03,1992-04-13,35347493,35349825,Hector Guimard,http://collection.cooperhewitt.org/exhibitions/35349825/
2,1,1986-06-13,1986-04-29,35347497,35349811,Mozart's World: The Images of his Times,http://collection.cooperhewitt.org/exhibitions/35349811/
37,35,1953-06-05,1953-04-17,35347493,35349805,The Prince Regent's Style,http://collection.cooperhewitt.org/exhibitions/35349805/
2,2,1986-05-04,1986-02-02,35347493,35349851,Never at Fault: The Drawings of William Trost Richards,http://collection.cooperhewitt.org/exhibitions/35349851/
70,44,1994-08-14,1994-02-07,35347495,35349859,"Packaging the New: Design and the American Consumer, l925-l975",http://collection.cooperhewitt.org/exhibitions/35349859/
1,1,1967-09-24,1967-07-27,35347493,35349807,Music in Art,http://collection.cooperhewitt.org/exhibitions/35349807/
1,1,1981-10-10,1981-07-10,35347493,35349889,The Golden Age of Naples,http://collection.cooperhewitt.org/exhibitions/35349889/
4,3,1965-12-30,1965-08-01,35347497,35349899,Thanks to Collectors,http://collection.cooperhewitt.org/exhibitions/35349899/
2,1,1966-03-06,1966-01-18,35347493,35349819,Five Centuries of Graphic Art,http://collection.cooperhewitt.org/exhibitions/35349819/
3,3,1977-09-14,1977-06-07,35347493,35349837,Two Hundred years of American Architectural Drawing,http://collection.cooperhewitt.org/exhibitions/35349837/
10,10,1977-01-31,1975-08-31,35347499,35350117,American Art in the Making: Preparatory Studies for Masterpieces of American Painting,http://collection.cooperhewitt.org/exhibitions/35350117/
1,1,1986-01-05,1985-09-19,0,35350169,High Styles:  Eight Decades of Vanguard Design,http://collection.cooperhewitt.org/exhibitions/35350169/
1,1,1964-11-29,1964-09-27,35347499,35350121,Homer and the Sea,http://collection.cooperhewitt.org/exhibitions/35350121/
5,5,1989-10-29,1989-09-07,35347499,35350113,"Landschaft in der Erfahrung, (Landscape in Experience)",http://collection.cooperhewitt.org/exhibitions/35350113/
9,9,1991-09-02,1990-08-16,35347499,35350135,Winslow Homer in the 1890's: Prout's Neck Observed (1990/1),http://collection.cooperhewitt.org/exhibitions/35350135/
6,6,1988-06-26,1987-03-04,35347499,35350143,The Art that is Life:  The Arts and Crafts Movement in America,http://collection.cooperhewitt.org/exhibitions/35350143/
1,1,1977-05-29,1977-04-22,35347499,35350123,"Winslow Homer, the St. John's River and Florida",http://collection.cooperhewitt.org/exhibitions/35350123/
1,1,1969-05-24,1969-04-26,35347495,35350183,Counter Change and New Color,http://collection.cooperhewitt.org/exhibitions/35350183/
2,2,1961-08-13,1961-06-28,35347499,35350161,Civil War Exhibition,http://collection.cooperhewitt.org/exhibitions/35350161/
1,1,1993-06-26,1993-05-05,35347499,35350157,The Apple of America:  The Apple in 19th Century American Art,http://collection.cooperhewitt.org/exhibitions/35350157/
1,1,1965-11-07,1965-10-12,35347499,35350185,The Newspaper in American Art,http://collection.cooperhewitt.org/exhibitions/35350185/
2,2,1985-05-19,1985-02-12,35347495,35350145,Cut Paper,http://collection.cooperhewitt.org/exhibitions/35350145/
1,1,1969-04-30,1968-10-12,0,35350175,Tapestries of Colonial Peru,http://collection.cooperhewitt.org/exhibitions/35350175/
1,1,1985-03-25,1984-09-06,35347499,35350193,"Honor and Intimacy:  Architectural Drawings by AIA Gold Medalists, 1907-1983",http://collection.cooperhewitt.org/exhibitions/35350193/
26,19,1965-12-06,1965-10-25,35347499,35350141,Continental Table Porcelain of the 18th Century,http://collection.cooperhewitt.org/exhibitions/35350141/
1,1,1988-12-31,1988-01-01,0,35350149,"Winslow Homer's Images of Blacks, the Civil War and Reconstruction Years",http://collection.cooperhewitt.org/exhibitions/35350149/
9,8,1994-06-12,1994-04-14,35347499,35350153,New York: A Magnet for Artists,http://collection.cooperhewitt.org/exhibitions/35350153/
5,5,1955-01-30,1954-12-15,35347499,35350131,Spanish Medieval Art,http://collection.cooperhewitt.org/exhibitions/35350131/
3,3,1981-09-27,1981-05-09,35347499,35350177,The Meeting of Two Worlds:  The Crusades and the Mediterranean Context,http://collection.cooperhewitt.org/exhibitions/35350177/
443,4,2002-03-10,2001-11-20,35347495,35350109,Russel Wright: Creating American Lifestyle,http://collection.cooperhewitt.org/exhibitions/35350109/
1,1,1947-03-22,1947-02-19,35347499,35350147,Winslow Homer Exhibition(1947),http://collection.cooperhewitt.org/exhibitions/35350147/
3,3,1984-04-05,1982-03-15,0,35350133,Islam Centennial Fourteen: Heritage of Islam,http://collection.cooperhewitt.org/exhibitions/35350133/
1,1,1980-10-26,1980-08-12,35347495,35350181,Wallpaper from the Cooper-Hewitt Collection,http://collection.cooperhewitt.org/exhibitions/35350181/
1,1,1991-08-19,1991-02-01,35347499,35350195,The Taste of Andrew Carnegie,http://collection.cooperhewitt.org/exhibitions/35350195/
11,11,1992-01-27,1991-10-15,35347495,35350139,Recent Acquisitions / American Drawings,http://collection.cooperhewitt.org/exhibitions/35350139/
6,6,1967-12-31,1965-01-01,35347495,35350127,Threads of History,http://collection.cooperhewitt.org/exhibitions/35350127/
1,1,1985-06-23,1985-04-18,35347499,35350197,1935: The Year and the Arts,http://collection.cooperhewitt.org/exhibitions/35350197/
1,1,1988-01-31,1987-10-13,35347495,35350187,Honor and Glory: Triumphal Arches,http://collection.cooperhewitt.org/exhibitions/35350187/
3,1,1951-06-13,1950-11-14,35347495,35350171,Leather in the Decorative Arts,http://collection.cooperhewitt.org/exhibitions/35350171/
33,32,1976-12-12,1976-10-07,35347499,35350163,Satellite Exhibition,http://collection.cooperhewitt.org/exhibitions/35350163/
1,1,1984-10-20,1984-06-13,0,35350165,(Re)Defined/Innovation Through Tradition,http://collection.cooperhewitt.org/exhibitions/35350165/
3,3,1990-12-30,1990-10-20,35347499,35350115,Winslow Homer in Gloucester,http://collection.cooperhewitt.org/exhibitions/35350115/
4,4,1977-02-07,1976-10-07,35347495,35350167,ManTRANSforms,http://collection.cooperhewitt.org/exhibitions/35350167/
2,2,1965-11-07,1965-09-24,35347499,35350125,The Art of Personal Adornment,http://collection.cooperhewitt.org/exhibitions/35350125/
10,10,1987-05-31,1987-02-03,35347501,35350111,Folding Fans from the Cooper-Hewitt Collection,http://collection.cooperhewitt.org/exhibitions/35350111/
45,33,1987-10-11,1987-07-21,35347495,35350179,Art Nouveau Bing:  The Paris Style 1900,http://collection.cooperhewitt.org/exhibitions/35350179/
114,84,2001-10-14,2001-04-24,35347503,35350105,Rooms with a View: Landscape & Wallpaper,http://collection.cooperhewitt.org/exhibitions/35350105/
1,1,1991-04-14,1991-03-17,0,35350151,The American Garden,http://collection.cooperhewitt.org/exhibitions/35350151/
2,2,1961-02-12,1961-01-07,35347499,35350159,The Civil War; a Centennial Exhibition of Eyewitness Drawings,http://collection.cooperhewitt.org/exhibitions/35350159/
263,79,2002-01-06,2001-08-21,35347495,35350107,Glass of the Avant-Garde: From the Vienna Secession to the Bauhaus,http://collection.cooperhewitt.org/exhibitions/35350107/
1,1,1962-03-04,1962-02-01,35347499,35350189,The Civil War:  The Artists' Record,http://collection.cooperhewitt.org/exhibitions/35350189/
11,5,1969-07-18,1969-04-30,35347499,35350199,Hallmark Exhibit (Stitched in Time),http://collection.cooperhewitt.org/exhibitions/35350199/
1,1,1978-08-13,1978-01-12,35347499,35350129,The Royal Hunter:  Art of the Sassanian Empire,http://collection.cooperhewitt.org/exhibitions/35350129/
54,54,1980-07-27,1974-10-11,35347493,35349617,Close Observation: Selected Oil Sketches by Frederic Edwin Church,http://collection.cooperhewitt.org/exhibitions/35349617/
4,4,1970-02-22,1969-11-24,35347493,35349621,Drawings of the Hudson River School,http://collection.cooperhewitt.org/exhibitions/35349621/
7,7,1971-11-14,1971-10-01,35347493,35349613,Wilderness,http://collection.cooperhewitt.org/exhibitions/35349613/
3,3,1993-01-03,1992-10-03,35347493,35349635,Picturing Paradise: Art and the Rain Forest,http://collection.cooperhewitt.org/exhibitions/35349635/
12,12,1991-08-31,1991-05-17,35347493,35349691,Mozart's World: The Images of his Times,http://collection.cooperhewitt.org/exhibitions/35349691/
3,3,1951-03-25,1951-01-12,35347493,35349643,Travelers in Arcadia,http://collection.cooperhewitt.org/exhibitions/35349643/
12,12,1984-03-18,1984-01-22,35347493,35349623,To Embrace the Universe,http://collection.cooperhewitt.org/exhibitions/35349623/
5,5,1981-08-23,1981-06-09,35347501,35349683,Gardens of Delight,http://collection.cooperhewitt.org/exhibitions/35349683/
2,2,1989-05-28,1989-03-18,35347493,35349657,French Design and Decoration during the Reign of Louis XIV,http://collection.cooperhewitt.org/exhibitions/35349657/
15,12,1950-04-08,1950-02-16,35347497,35349685,All That Glisters,http://collection.cooperhewitt.org/exhibitions/35349685/
2,2,1961-11-21,1961-10-17,35347493,35349645,The Italian Influence on American Artists and Writers,http://collection.cooperhewitt.org/exhibitions/35349645/
3,3,1957-10-25,1957-10-11,35347493,35349675,Master Drawings from the Collection of the Cooper Union Museum,http://collection.cooperhewitt.org/exhibitions/35349675/
7,6,1990-10-04,1976-02-01,35347497,35349693,1876: A Centennial Exhibition,http://collection.cooperhewitt.org/exhibitions/35349693/
1,1,1967-10-14,1967-09-26,35347493,35349641,The New York Painter,http://collection.cooperhewitt.org/exhibitions/35349641/
6,5,1954-12-31,1953-01-01,35347493,35349649,Designs for Fountains,http://collection.cooperhewitt.org/exhibitions/35349649/
7,7,1979-05-20,1979-05-03,35347493,35349601,Drawings at the National Academy,http://collection.cooperhewitt.org/exhibitions/35349601/
1,1,1967-07-30,1967-05-15,35347493,35349631,The Painter and the New World,http://collection.cooperhewitt.org/exhibitions/35349631/
1,1,1971-11-28,1971-09-17,35347493,35349677,Giovanni Benedetto Castiglione,http://collection.cooperhewitt.org/exhibitions/35349677/
41,41,1976-05-09,1975-11-06,35347493,35349609,Frederic Church (1975/76),http://collection.cooperhewitt.org/exhibitions/35349609/
2,2,1993-04-11,1992-09-16,35347493,35349647,"The Lure of Italy: American Artists and the Italian Experience, l760-l914",http://collection.cooperhewitt.org/exhibitions/35349647/
2,2,1981-09-20,1981-07-31,35347493,35349681,Drawing into Sculpture 1400-1980,http://collection.cooperhewitt.org/exhibitions/35349681/
2,2,1995-05-17,1995-03-17,35347493,35349695,Raymond Loewy: Pionier des amerikanischen industriedesigns,http://collection.cooperhewitt.org/exhibitions/35349695/
1,1,1982-08-01,1982-05-09,35347493,35349603,"Montana Landscape: One Hundred Years, l830s-l930s",http://collection.cooperhewitt.org/exhibitions/35349603/
6,6,1945-05-18,1945-02-15,35347493,35349639,The Hudson River School and the Early American Landscape Tradition,http://collection.cooperhewitt.org/exhibitions/35349639/
2,2,1954-03-28,1954-02-14,35347493,35349673,"Pontormo to Greco, The Age of Mannerism",http://collection.cooperhewitt.org/exhibitions/35349673/
3,3,1945-01-28,1944-12-28,35347493,35349627,The World of the Romantic Artist,http://collection.cooperhewitt.org/exhibitions/35349627/
1,1,1959-02-15,1959-01-06,35347493,35349697,The American Line,http://collection.cooperhewitt.org/exhibitions/35349697/
7,3,1986-01-19,1985-11-25,35347497,35349671,Fortune of Fantasy [A],http://collection.cooperhewitt.org/exhibitions/35349671/
12,4,1994-06-14,1993-09-27,35347497,35349663,Toward Modern Design: Revival and Reform in Applied Arts 1850-1920,http://collection.cooperhewitt.org/exhibitions/35349663/
3,2,1995-08-20,1995-06-06,35347497,35349665,Field for Dreams: An Eighteenth Century Bedcover,http://collection.cooperhewitt.org/exhibitions/35349665/
2,1,1988-02-07,1987-10-05,35347497,35349667,Scents of Time: Reflections on Fragrance and Society,http://collection.cooperhewitt.org/exhibitions/35349667/
18,18,1993-12-27,1993-10-05,35347493,35349625,Master Drawings from the Hudson River School,http://collection.cooperhewitt.org/exhibitions/35349625/
56,56,1993-06-20,1992-09-26,35347493,35349611,"Frederic E. Church: Under Changing Skies - Oil Sketches and Drawings from the Cooper-Hewitt, National Museum of Design",http://collection.cooperhewitt.org/exhibitions/35349611/
1,1,1969-06-11,1969-03-30,35347493,35349679,The World of Voltaire,http://collection.cooperhewitt.org/exhibitions/35349679/
3,1,1991-10-26,1991-09-24,35347497,35349605,History of Glass Jewelry,http://collection.cooperhewitt.org/exhibitions/35349605/
4,4,1982-03-07,1980-04-06,35347493,35349659,John Henry Belter and the Rococo Revival,http://collection.cooperhewitt.org/exhibitions/35349659/
49,49,1966-06-30,1966-02-09,35347493,35349607,Frederic Edwin Church (1966),http://collection.cooperhewitt.org/exhibitions/35349607/
9,6,1959-01-24,1958-12-13,35347497,35349689,Designs for Interiors from the Museum's Collections,http://collection.cooperhewitt.org/exhibitions/35349689/
4,4,1957-05-22,1957-04-24,35347493,35349699,History of Theatrical Design,http://collection.cooperhewitt.org/exhibitions/35349699/
1,1,1957-06-09,1957-04-23,35347493,35349629,Painting in America: The Story of 450 Years,http://collection.cooperhewitt.org/exhibitions/35349629/
32,32,1968-02-04,1966-06-16,35347493,35349619,Sketches by Frederic Edwin Church,http://collection.cooperhewitt.org/exhibitions/35349619/
13,12,1979-11-26,1979-09-15,35347493,35349637,Romantic America: The Middle Decades of the Nineteenth Century,http://collection.cooperhewitt.org/exhibitions/35349637/
43,37,2005-03-20,2004-12-17,35347497,35350869,East and West: Trading Designs,http://collection.cooperhewitt.org/exhibitions/35350869/
1,1,1959-05-30,1959-04-01,35347499,35350813,Woven Treasures of Persian Art: Persian Textiles from 6th to 19th Century,http://collection.cooperhewitt.org/exhibitions/35350813/
8,8,2005-02-06,2004-11-17,35347495,35350835,The Castellani and Italian Archeological Jewelry,http://collection.cooperhewitt.org/exhibitions/35350835/
8,6,1982-08-30,1982-06-04,35347499,35350843,The Origins of Modern Design in Art Nouveau and Art Deco,http://collection.cooperhewitt.org/exhibitions/35350843/
2,2,1983-04-11,1983-01-31,35347499,35350823,New Murano Glass,http://collection.cooperhewitt.org/exhibitions/35350823/
45,37,2005-09-04,2005-03-04,35347495,35350861,Hella Jongerius Selects: Works from the Permanent Collection,http://collection.cooperhewitt.org/exhibitions/35350861/
2,2,1998-09-15,1998-02-03,35347495,35350845,The Jewels of Lalique,http://collection.cooperhewitt.org/exhibitions/35350845/
1,1,1973-10-22,1973-07-27,35347499,35350841,"Form and Fire:  Natzler Ceramics, 1939-1972",http://collection.cooperhewitt.org/exhibitions/35350841/
1,1,0000-00-00,2005-02-18,0,35350855,The Kingdom of Siam: Arts of Central Thailand 1350-1800,http://collection.cooperhewitt.org/exhibitions/35350855/
1,1,1987-05-10,1986-06-11,35347499,35350801,The Bostonians: Painters of an Elegant Age,http://collection.cooperhewitt.org/exhibitions/35350801/
7,7,1998-08-30,1998-06-04,35347499,35350853,Opening Our Doors:  Selections from the Design Resource Center,http://collection.cooperhewitt.org/exhibitions/35350853/
98,66,2005-01-28,2004-06-04,35347495,35350831,"Faster, Cheaper, Newer, More: The Revolutions of 1848",http://collection.cooperhewitt.org/exhibitions/35350831/
1,1,1979-06-15,1979-01-12,35347499,35350809,Western American Watercolors and Drawings of the 18th and 19th Centuries,http://collection.cooperhewitt.org/exhibitions/35350809/
10,10,1978-10-31,1978-09-15,35347499,35350847,Winslow Homer (1978-Texas),http://collection.cooperhewitt.org/exhibitions/35350847/
1,1,1944-03-30,1943-11-01,35347499,35350833,The Greek Revival in the United States,http://collection.cooperhewitt.org/exhibitions/35350833/
35,25,2007-06-03,2006-10-06,35347495,35350895,Eugene Thaw Selects: Works for the Permanent Collection,http://collection.cooperhewitt.org/exhibitions/35350895/
38,25,2006-01-08,2005-11-04,35347495,35350873,Excavating the Vocabulary of Design: 18th-century Drawings and Prints from the Permanent Collection,http://collection.cooperhewitt.org/exhibitions/35350873/
6,3,1952-01-27,1951-12-05,35347499,35350827,Two Thousand Years of Tapestry Weaving,http://collection.cooperhewitt.org/exhibitions/35350827/
368,7,2007-07-29,2006-12-08,35347495,35350897,Design Life Now: National Design Triennial 2006,http://collection.cooperhewitt.org/exhibitions/35350897/
1308,740,2006-10-29,2006-05-05,35347495,35350871,"Feeding Desire: Design and the Tools of the Table, 1500-2005",http://collection.cooperhewitt.org/exhibitions/35350871/
4,4,1997-08-17,1997-03-18,35347499,35350863,Henry Dreyfuss Directing Design:  The Industrial Designer and His Work,http://collection.cooperhewitt.org/exhibitions/35350863/
1,1,2005-08-27,2005-02-25,0,35350865,Thoroughly Modern: The New Women Art Students of Robert Henri,http://collection.cooperhewitt.org/exhibitions/35350865/
1,1,1940-06-30,1940-04-23,35347499,35350815,Exhibition of Persian Art - Iranian Institute,http://collection.cooperhewitt.org/exhibitions/35350815/
70,51,2006-05-07,2005-10-07,35347495,35350867,Yinka Shonibare,http://collection.cooperhewitt.org/exhibitions/35350867/
5,5,1998-08-30,1997-09-28,35347499,35350811,Thomas Moran (1997/98),http://collection.cooperhewitt.org/exhibitions/35350811/
1,1,1979-06-24,1979-05-13,35347499,35350805,William Merritt Chase in the Company of Friends,http://collection.cooperhewitt.org/exhibitions/35350805/
11,7,1982-08-15,1982-05-15,35347499,35350851,The Seasonal Trade: Holiday Gift and Greeting Cards,http://collection.cooperhewitt.org/exhibitions/35350851/
9,8,2004-11-12,2004-08-13,35347503,35350859,Artist Wallpapers,http://collection.cooperhewitt.org/exhibitions/35350859/
1,1,1981-06-08,1981-04-05,35347499,35350807,The Railroad in the American Landscape,http://collection.cooperhewitt.org/exhibitions/35350807/
106,10,2008-05-12,2007-09-14,35347495,35350899,Piranesi as Designer,http://collection.cooperhewitt.org/exhibitions/35350899/
2,2,1984-12-19,1984-11-14,35347499,35350829,Augustus Saint-Gaudens: The Real and the Ideal (Cooper Union),http://collection.cooperhewitt.org/exhibitions/35350829/
1,1,2005-10-04,2003-10-04,35347495,35350819,Long Term Loan/  L.2003-18,http://collection.cooperhewitt.org/exhibitions/35350819/
1,1,2005-04-01,2001-11-01,35347495,35350837,Long Term Loan/ Sheila Burke's Office,http://collection.cooperhewitt.org/exhibitions/35350837/
326,6,2011-01-09,2010-05-14,35347495,35350969,National Design Triennial: Why Design Now?,http://collection.cooperhewitt.org/exhibitions/35350969/
13,1,0000-00-00,2011-07-29,35347495,35350991,Stamp Exhibition,http://collection.cooperhewitt.org/exhibitions/35350991/
125,109,2009-01-29,2008-08-12,35347495,35350943,House Proud: 19th Century Watercolor Interiors from the Thaw Collection,http://collection.cooperhewitt.org/exhibitions/35350943/
48,38,2009-03-01,2008-09-12,35347497,35350961,Recent Acquisitions 2008,http://collection.cooperhewitt.org/exhibitions/35350961/
51,36,2009-02-16,2008-10-17,35347495,35350957,Gluckman and Mayner Select,http://collection.cooperhewitt.org/exhibitions/35350957/
35,32,2007-10-14,2007-08-17,35347495,35350945,Looking Forward/ Looking Back: Recent Acquisitions in 20th and 21st Century Design,http://collection.cooperhewitt.org/exhibitions/35350945/
33,28,2008-01-13,2007-06-22,35347495,35350901,IDEO Selects: Works from the Permanent Collection,http://collection.cooperhewitt.org/exhibitions/35350901/
411,3,2011-06-05,2011-02-18,35347495,35350981,Set in Style: The Jewelry of Van Cleef and Arpels,http://collection.cooperhewitt.org/exhibitions/35350981/
372,112,2008-07-07,2008-03-07,35347495,35350903,Rococo: The Continuing Curve 1730-2008,http://collection.cooperhewitt.org/exhibitions/35350903/
10,2,2009-10-12,2009-10-01,35347495,35350973,Richard Meier/75,http://collection.cooperhewitt.org/exhibitions/35350973/
5,4,2011-01-03,2010-09-03,35347493,35350987,Recent Acquisitions 2010,http://collection.cooperhewitt.org/exhibitions/35350987/
226,24,2010-12-31,2010-04-23,35347495,35350971,Ted Muehling Selects: Lobmeyr,http://collection.cooperhewitt.org/exhibitions/35350971/
46,31,2008-08-24,2008-02-15,35347495,35350915,Fernando & Humberto Campana Select: Works from the Permanent Collections,http://collection.cooperhewitt.org/exhibitions/35350915/
182,19,2010-04-04,2009-10-16,35347495,35350967,Design USA: Contemporary Innovation,http://collection.cooperhewitt.org/exhibitions/35350967/
75,10,2009-09-07,2009-03-06,35347495,35350951,Fashioning Felt,http://collection.cooperhewitt.org/exhibitions/35350951/
73,47,2009-09-07,2009-03-06,35347495,35350959,Shahzia Sikander Selects,http://collection.cooperhewitt.org/exhibitions/35350959/
67,10,2009-05-08,2008-10-03,35347495,35350907,Children's Wallpapers and Books,http://collection.cooperhewitt.org/exhibitions/35350907/
1,1,1993-06-27,1993-04-28,35347493,35349969,Rain and Snow: The Umbrella in Japanese Art,http://collection.cooperhewitt.org/exhibitions/35349969/
2,2,1970-02-25,1979-01-28,35347493,35349913,Posters by E. McKnight Kauffer,http://collection.cooperhewitt.org/exhibitions/35349913/
1,1,1986-11-30,1986-09-01,35347493,35349943,Gemalte Architektur,http://collection.cooperhewitt.org/exhibitions/35349943/
10,10,1969-04-30,1968-11-07,35347499,35349923,Treasury of Design:  Objects Acquired 1963-1968,http://collection.cooperhewitt.org/exhibitions/35349923/
1,1,1983-05-21,1983-04-20,35347497,35349983,Faberge,http://collection.cooperhewitt.org/exhibitions/35349983/
1,1,1979-12-30,1979-10-13,35347503,35349961,The American Renaissance 1876-1917,http://collection.cooperhewitt.org/exhibitions/35349961/
1,1,1980-01-27,1979-12-14,35347493,35349945,"Der Traum vom Raum, Gemalte Architektur aus 7 Jahrhunderten, eine Ausstel.",http://collection.cooperhewitt.org/exhibitions/35349945/
1,1,1982-01-15,1981-12-09,35347493,35349941,The Making of an Architect: 1881-1981,http://collection.cooperhewitt.org/exhibitions/35349941/
4,4,1984-04-27,1984-02-01,35347497,35349949,Castellani & Giuliano Jewelry,http://collection.cooperhewitt.org/exhibitions/35349949/
1,1,1988-07-11,1988-05-15,35347497,35349955,House and Garden: Tenth Anniversary Exhibition [The],http://collection.cooperhewitt.org/exhibitions/35349955/
4,2,1979-12-15,1978-11-28,35347497,35349901,Vienna Moderne 1898-1918,http://collection.cooperhewitt.org/exhibitions/35349901/
1,1,1988-07-11,1988-05-15,35347497,35349953,"Long Island Country House, 1870-1930 [The]",http://collection.cooperhewitt.org/exhibitions/35349953/
7,1,1995-09-03,1995-05-04,35347497,35349931,Frank Lloyd Wright in Chicago: the early years,http://collection.cooperhewitt.org/exhibitions/35349931/
8,8,1983-01-16,1983-11-01,35347497,35349977,Tabletops / Collector's Choice,http://collection.cooperhewitt.org/exhibitions/35349977/
184,181,1990-04-01,1989-11-21,35347493,35349909,E. McKnight Kauffer: Graphic Art and Theater Design,http://collection.cooperhewitt.org/exhibitions/35349909/
1,1,1980-01-27,1979-12-14,35347493,35349947,The Machine Age in America,http://collection.cooperhewitt.org/exhibitions/35349947/
330,317,1985-05-31,1983-01-01,35347497,35349981,Matchsafes,http://collection.cooperhewitt.org/exhibitions/35349981/
6,2,1984-01-01,1983-08-30,35347493,35349995,Frank Lloyd Wright and the Prairie School,http://collection.cooperhewitt.org/exhibitions/35349995/
5,4,1982-03-28,1982-02-19,35347497,35349973,"1930s Remembered: Part One ""The High Style"" [The]",http://collection.cooperhewitt.org/exhibitions/35349973/
1,1,1979-06-30,1977-12-16,35347497,35349927,Decorative Designs of Frank Lloyd Wright,http://collection.cooperhewitt.org/exhibitions/35349927/
2,1,1984-05-01,1982-09-14,35347497,35349997,Scandinavian Modern 1880-1980,http://collection.cooperhewitt.org/exhibitions/35349997/
5,3,1984-09-30,1984-06-10,35347497,35349987,"Extension of the Hand:  Food, Tools and Toys",http://collection.cooperhewitt.org/exhibitions/35349987/
2,2,1985-06-03,1983-06-02,35347497,35349971,Russel Wright:  American Designer,http://collection.cooperhewitt.org/exhibitions/35349971/
81,39,1995-08-20,1995-02-14,35347501,35349963,Recent Acquisitions,http://collection.cooperhewitt.org/exhibitions/35349963/
3,1,1993-10-15,1993-07-19,35347497,35349965,Gertrud and Otto Natzler:  Collaboration/Solitude,http://collection.cooperhewitt.org/exhibitions/35349965/
2,1,1979-05-13,1979-03-28,35347503,35349967,"Fantastic Illustration and Design in Britain, 1850-1930",http://collection.cooperhewitt.org/exhibitions/35349967/
1,1,1972-06-29,1970-06-08,35347497,35349925,Philadelphia Museum of Art,http://collection.cooperhewitt.org/exhibitions/35349925/
14,10,1996-04-19,1996-03-13,35347493,35349911,Avant-Garde Letterhead,http://collection.cooperhewitt.org/exhibitions/35349911/
62,48,1987-03-01,1986-11-25,35347499,35349979,Recollections: A Decade of Collecting,http://collection.cooperhewitt.org/exhibitions/35349979/
53,50,1964-05-09,1964-01-22,35347499,35349905,The Greenleaf Collection: Textile Arts from the 16th to early 19th century,http://collection.cooperhewitt.org/exhibitions/35349905/
24,24,1984-05-27,1984-02-21,35347501,35349951,Embroidered Samplers,http://collection.cooperhewitt.org/exhibitions/35349951/
1,1,1988-07-11,1988-05-15,35347497,35349959,House and Garden,http://collection.cooperhewitt.org/exhibitions/35349959/
5,4,1964-05-09,1964-01-22,35347501,35349907,Cross-Currents,http://collection.cooperhewitt.org/exhibitions/35349907/
1,1,1986-04-27,1986-02-27,35347497,35349989,Jack Youngerman,http://collection.cooperhewitt.org/exhibitions/35349989/
20,9,1984-01-15,1983-09-20,35347501,35349999,Contemporary Continuous Pattern,http://collection.cooperhewitt.org/exhibitions/35349999/
1,1,1980-02-03,1979-12-04,35347497,35349929,Cooper-Hewitt Collection: Furniture,http://collection.cooperhewitt.org/exhibitions/35349929/
3,2,1989-04-23,1989-02-05,35347497,35349919,Louis Comfort Tiffany:  Revelations of the True Beauty,http://collection.cooperhewitt.org/exhibitions/35349919/
2,2,1989-05-14,1989-03-30,35347497,35349937,Lalique: A Century of Design for a Modern World,http://collection.cooperhewitt.org/exhibitions/35349937/
6,5,2002-02-24,2001-11-17,0,35350217,Streamline: The Dawn of Tomorrow,http://collection.cooperhewitt.org/exhibitions/35350217/
4,4,1981-03-29,1981-01-29,35347495,35350269,Ephemeral Images: Recent American Posters,http://collection.cooperhewitt.org/exhibitions/35350269/
3,3,1984-01-29,1983-12-09,35347499,35350221,"Winslow Homer in the 1880's: Watercolors, Drawings, and Etchings (1983/84)",http://collection.cooperhewitt.org/exhibitions/35350221/
1,1,1976-01-15,1975-09-23,0,35350213,For Men and Boys,http://collection.cooperhewitt.org/exhibitions/35350213/
1,1,1998-10-11,1998-06-09,0,35350235,"Fountains, Splash and Spectacle",http://collection.cooperhewitt.org/exhibitions/35350235/
9,9,1955-06-17,1955-04-15,35347495,35350291,Nineteenth Century Jewelry,http://collection.cooperhewitt.org/exhibitions/35350291/
1,1,1981-08-30,1980-12-08,35347499,35350243,Chinese Costumes from the Decorative Arts & Design,http://collection.cooperhewitt.org/exhibitions/35350243/
3,3,1980-12-31,1980-01-01,35347499,35350223,"Ode to Nature:  Flowers and Landscapes the Rookwood Pottery, 1880-1940",http://collection.cooperhewitt.org/exhibitions/35350223/
1,1,1980-09-14,1980-05-07,35347499,35350283,Josaih Wedgwood: 250th Anniversary Jubilee Loan Exhibition,http://collection.cooperhewitt.org/exhibitions/35350283/
4,2,1965-03-28,1965-02-14,35347499,35350261,From the Shipwreck of Time,http://collection.cooperhewitt.org/exhibitions/35350261/
1,1,1965-11-14,1965-09-25,0,35350257,"Theatre, the Magic Mirror",http://collection.cooperhewitt.org/exhibitions/35350257/
1,1,1955-09-16,1955-07-11,35347495,35350285,"Gazebos, Garden Ornaments and Grottoes",http://collection.cooperhewitt.org/exhibitions/35350285/
1,1,1970-05-24,1970-04-07,0,35350275,Origins of Chintz,http://collection.cooperhewitt.org/exhibitions/35350275/
387,12,2004-07-25,2004-03-05,35347495,35350293,Christopher Dresser,http://collection.cooperhewitt.org/exhibitions/35350293/
26,20,1997-05-18,1997-02-11,35347493,35350241,Disegno: Italian Renaissance Designs for the Decorative Arts,http://collection.cooperhewitt.org/exhibitions/35350241/
1,1,1997-07-06,1997-03-10,0,35350249,The Glory of Byzantium,http://collection.cooperhewitt.org/exhibitions/35350249/
1,1,1956-06-03,1956-03-09,35347499,35350255,Costume Design for the Theater,http://collection.cooperhewitt.org/exhibitions/35350255/
1,1,1994-09-04,1994-06-18,0,35350201,Minnesota 1900,http://collection.cooperhewitt.org/exhibitions/35350201/
1,1,1966-12-31,1966-09-01,0,35350253,Made of Iron,http://collection.cooperhewitt.org/exhibitions/35350253/
1,1,1958-09-30,1958-07-01,35347495,35350277,Lions to Lapdogs,http://collection.cooperhewitt.org/exhibitions/35350277/
1,1,1954-06-11,1954-04-15,35347495,35350247,Enamel: An Historic Survey to the Present Day,http://collection.cooperhewitt.org/exhibitions/35350247/
184,1,2003-03-02,2002-10-29,35347495,35350233,New Hotels for Global Nomads,http://collection.cooperhewitt.org/exhibitions/35350233/
1,1,1986-09-07,1986-07-03,0,35350295,Natura Viva: Animal Paintings from Palazzo Pitti,http://collection.cooperhewitt.org/exhibitions/35350295/
1,1,1963-08-15,1963-05-03,0,35350203,"Koptische Kunst, Christentum am Nil",http://collection.cooperhewitt.org/exhibitions/35350203/
76,69,2004-05-02,2003-10-14,35347495,35350239,Treasures from the Collection,http://collection.cooperhewitt.org/exhibitions/35350239/
2,2,1970-08-06,1970-06-26,0,35350273,India Chintz,http://collection.cooperhewitt.org/exhibitions/35350273/
1,1,1965-06-27,1965-05-08,35347499,35350297,Flowers in Art and Decoration,http://collection.cooperhewitt.org/exhibitions/35350297/
1,1,1947-04-12,1947-01-28,35347495,35350287,Stitches in Time,http://collection.cooperhewitt.org/exhibitions/35350287/
1,1,1976-10-15,1976-06-15,35347499,35350271,Rustic Furniture Exhibition,http://collection.cooperhewitt.org/exhibitions/35350271/
4,4,1984-05-26,1984-02-22,35347499,35350265,New York and the China Trade,http://collection.cooperhewitt.org/exhibitions/35350265/
4,3,1960-07-17,1960-05-18,35347499,35350215,Loan Exhibition of English Chintz,http://collection.cooperhewitt.org/exhibitions/35350215/
1,1,1997-04-19,1997-02-25,0,35350267,Dreams on Paper: A History of Home Sewing in America,http://collection.cooperhewitt.org/exhibitions/35350267/
3,3,1968-09-01,1968-05-03,35347499,35350225,Opening Exhibition,http://collection.cooperhewitt.org/exhibitions/35350225/
19,13,1984-10-28,1984-08-07,35347495,35350211,Design in the Service of Tea,http://collection.cooperhewitt.org/exhibitions/35350211/
32,32,1998-01-11,1997-09-30,35347499,35350279,Design for Life: A Centennial Celebration,http://collection.cooperhewitt.org/exhibitions/35350279/
3,2,1977-08-28,1977-06-12,0,35350205,Repeat,http://collection.cooperhewitt.org/exhibitions/35350205/
103,58,1965-02-23,1964-12-12,35347495,35350251,The Wonders of Thread,http://collection.cooperhewitt.org/exhibitions/35350251/
1,1,1982-04-11,1982-01-19,35347495,35350259,City Dwellings and Country Houses: Robert Adams and His Style,http://collection.cooperhewitt.org/exhibitions/35350259/
1,1,1979-06-24,1979-03-16,0,35350207,Patterns Plus,http://collection.cooperhewitt.org/exhibitions/35350207/
1,1,1967-10-31,1966-10-01,35347499,35350289,Op Art and its Antecedents,http://collection.cooperhewitt.org/exhibitions/35350289/
1,1,1992-01-31,1991-09-01,35347499,35350229,Icons of Industry:  American Art and the Idea of Technology 1800-1917,http://collection.cooperhewitt.org/exhibitions/35350229/
2,2,1984-05-20,1984-02-29,0,35350237,The American Flower Genre,http://collection.cooperhewitt.org/exhibitions/35350237/
316,3,2003-09-07,2003-04-22,35347495,35350321,National Design Triennial 2003,http://collection.cooperhewitt.org/exhibitions/35350321/
3,3,1985-07-14,1985-03-29,35347499,35350313,Frederic Edwin Church: Images of Cotopoxl,http://collection.cooperhewitt.org/exhibitions/35350313/
166,21,2005-02-27,2004-10-01,35347495,35350323,Josef and Anni Albers: Designs for Living,http://collection.cooperhewitt.org/exhibitions/35350323/
1,1,1985-09-08,1985-05-21,35347495,35350349,"Chicago Furniture: Art, Craft and Industry, 1833 - 1983",http://collection.cooperhewitt.org/exhibitions/35350349/
4,4,1985-01-06,1984-10-16,35347495,35350377,"Objects of Adornment: Five Thousand Years of Jewelry from the Walters Art Gallery, Baltimore",http://collection.cooperhewitt.org/exhibitions/35350377/
2,1,2002-11-03,2002-10-29,35347493,35350309,Michelangelo Unveiled,http://collection.cooperhewitt.org/exhibitions/35350309/
1,1,1985-04-07,1985-03-10,0,35350303,The American Still Life,http://collection.cooperhewitt.org/exhibitions/35350303/
8,8,1980-12-29,1980-09-10,35347499,35350315,Frederic E. Church's: The Icebergs,http://collection.cooperhewitt.org/exhibitions/35350315/
17,17,1981-01-31,1980-12-05,35347499,35350311,Frederic Church (1980/81),http://collection.cooperhewitt.org/exhibitions/35350311/
2,2,1986-04-27,1985-07-13,35347499,35350305,Niagra Falls: Two Centuries of Changing Attitudes 1697-1900,http://collection.cooperhewitt.org/exhibitions/35350305/
60,60,1976-10-31,1976-09-05,35347493,35350307,Frederic Edwin Church (1976 - Wellesley College),http://collection.cooperhewitt.org/exhibitions/35350307/
1,1,1911-03-03,1911-01-01,35347493,35349469,Twenty-Seventh Annual Exhibition,http://collection.cooperhewitt.org/exhibitions/35349469/
23,21,1994-02-13,1993-10-19,35347499,35349421,Fancy Fronts: Men's Waistcoats from the Eighteenth Century,http://collection.cooperhewitt.org/exhibitions/35349421/
148,85,1989-03-05,1988-12-06,35347501,35349413,"Purses, Pockets, Pouches",http://collection.cooperhewitt.org/exhibitions/35349413/
4,4,1977-09-05,1977-06-13,35347493,35349491,Winslow Homer and Conrad Wise Chapman,http://collection.cooperhewitt.org/exhibitions/35349491/
15,13,1967-08-22,1967-05-22,35347493,35349443,Designers' Repertoire,http://collection.cooperhewitt.org/exhibitions/35349443/
4,3,1980-12-31,1980-01-01,35347497,35349423,Inaguaral Exhibition,http://collection.cooperhewitt.org/exhibitions/35349423/
5,5,1961-03-01,1960-12-01,35347493,35349483,Civil War Centennial,http://collection.cooperhewitt.org/exhibitions/35349483/
1,1,1935-04-27,1935-04-04,35347493,35349461,"Prints, Drawings, and Paintings Illustrating the Development of the Fountain",http://collection.cooperhewitt.org/exhibitions/35349461/
3,3,1956-03-04,1956-01-15,35347493,35349457,The Century of Mozart,http://collection.cooperhewitt.org/exhibitions/35349457/
1,1,1962-11-16,1962-06-22,35347493,35349485,The Union Soldier Goes to War,http://collection.cooperhewitt.org/exhibitions/35349485/
112,95,1967-09-24,1967-07-13,35347499,35349445,Treasures from the Cooper Union Museum,http://collection.cooperhewitt.org/exhibitions/35349445/
1,1,1970-02-08,1970-01-05,35347493,35349475,The Age of Louis XIII,http://collection.cooperhewitt.org/exhibitions/35349475/
19,19,1989-03-12,1988-07-02,35347493,35349493,Winslow Homer Paintings of the Civil War,http://collection.cooperhewitt.org/exhibitions/35349493/
28,26,1987-03-01,1986-11-25,35347493,35349441,Perspective: The Illusion of Space,http://collection.cooperhewitt.org/exhibitions/35349441/
1,1,1974-12-08,1974-10-24,35347493,35349449,Grand Reserves,http://collection.cooperhewitt.org/exhibitions/35349449/
1,1,1959-03-15,1959-01-27,35347493,35349455,Elias Pelletrau: Long Island Silversmith and His Sources of Design,http://collection.cooperhewitt.org/exhibitions/35349455/
97,89,1978-03-20,1977-11-15,35347495,35349401,More than Meets the Eye,http://collection.cooperhewitt.org/exhibitions/35349401/
8,1,1978-12-13,1978-11-19,35347497,35349431,Five New York Museums,http://collection.cooperhewitt.org/exhibitions/35349431/
1,1,1990-03-04,1990-01-27,35347493,35349477,Technology and the Image of Architecture in the Age of Phillip II,http://collection.cooperhewitt.org/exhibitions/35349477/
1,1,1993-02-27,1992-11-14,35347493,35349409,Italian Nineteenth-Century Painting,http://collection.cooperhewitt.org/exhibitions/35349409/
5,5,1967-09-24,1967-07-13,35347493,35349447,Salute to the Cooper-Hewitt Museum,http://collection.cooperhewitt.org/exhibitions/35349447/
14,5,1995-08-20,1994-09-13,35347495,35349433,The Structure of Style: Dutch Modernism and the Applied Arts 1880-1930,http://collection.cooperhewitt.org/exhibitions/35349433/
5,5,1958-05-18,1958-04-01,35347493,35349481,"Charles Parsons and His Domain: American Illustration, 1860-1890",http://collection.cooperhewitt.org/exhibitions/35349481/
12,12,1986-03-09,1986-01-21,35347493,35349495,Winslow Homer: Works on Paper from the Cooper-Hewitt Museum,http://collection.cooperhewitt.org/exhibitions/35349495/
1,1,1991-11-24,1991-09-14,35347493,35349403,The Age of the Marvelous,http://collection.cooperhewitt.org/exhibitions/35349403/
7,7,1965-07-11,1965-03-31,35347493,35349439,"Designed for Theater: 16th to 20th Century Drawings, Prints and Puppets From the Museum's Collections",http://collection.cooperhewitt.org/exhibitions/35349439/
1,1,1936-04-15,1936-03-02,35347493,35349473,Drawings,http://collection.cooperhewitt.org/exhibitions/35349473/
73,46,1981-08-09,1981-05-26,35347497,35349427,Tools for the Table: Designs for Dining,http://collection.cooperhewitt.org/exhibitions/35349427/
9,9,1987-01-10,1986-12-12,35347493,35349497,Winslow Homer in Monochrome,http://collection.cooperhewitt.org/exhibitions/35349497/
55,55,1996-09-22,1938-04-01,35347493,35349487,Winslow Homer,http://collection.cooperhewitt.org/exhibitions/35349487/
3,3,1957-11-30,1957-10-19,35347493,35349463,Fontinalia,http://collection.cooperhewitt.org/exhibitions/35349463/
4,4,1965-02-21,1965-01-19,35347493,35349465,Major 19th and 20th Century Drawings,http://collection.cooperhewitt.org/exhibitions/35349465/
61,51,1991-08-14,1991-03-25,35347501,35349415,A Design Resource: The Cooper-Hewitt Collections,http://collection.cooperhewitt.org/exhibitions/35349415/
28,27,1962-08-31,1962-04-09,35347493,35349467,The Architect's Eye,http://collection.cooperhewitt.org/exhibitions/35349467/
15,11,1981-08-09,1981-05-26,35347497,35349425,Pottery in the Collection of Cooper-Hewitt Museum,http://collection.cooperhewitt.org/exhibitions/35349425/
1,1,1974-08-30,1974-03-31,35347493,35349411,Strictly Academic,http://collection.cooperhewitt.org/exhibitions/35349411/
28,28,1937-03-07,1937-01-28,35347493,35349479,"Winslow Homer, Centenary Exhibition of Works of",http://collection.cooperhewitt.org/exhibitions/35349479/
5,5,1979-11-11,1979-09-12,35347493,35349405,The Fuseli Circle in Rome: Early Romantic Art of the 1770s,http://collection.cooperhewitt.org/exhibitions/35349405/
5,5,1991-09-22,1991-02-24,35347493,35349451,The Stuart Legacy,http://collection.cooperhewitt.org/exhibitions/35349451/
3,3,1959-03-15,1959-02-03,35347493,35349459,French Drawings from American Collections,http://collection.cooperhewitt.org/exhibitions/35349459/
1,1,1979-11-11,1979-09-12,35347493,35349407,Italian Drawings 1780-1890,http://collection.cooperhewitt.org/exhibitions/35349407/
10,10,1959-05-03,1958-11-23,35347493,35349499,Winslow Homer - A Retrospective Exhibition (1958/59),http://collection.cooperhewitt.org/exhibitions/35349499/
333,192,1995-08-21,1995-03-14,35347495,35349429,Body Language: Jewelry and Accessories from the National Design Museum,http://collection.cooperhewitt.org/exhibitions/35349429/
15,1,1980-11-01,1980-08-15,35347497,35349419,Walter Gay: A Retrospective,http://collection.cooperhewitt.org/exhibitions/35349419/
13,13,1961-11-11,1958-11-11,35347493,35349437,The Baroque Illusion,http://collection.cooperhewitt.org/exhibitions/35349437/
2,1,1966-03-06,1966-01-18,35347493,35349369,The Museum of Graphic Art: A Preview,http://collection.cooperhewitt.org/exhibitions/35349369/
294,195,1988-03-13,1987-11-03,35347495,35349321,Color by the Yard: Printed Fabrics from 1760-1860,http://collection.cooperhewitt.org/exhibitions/35349321/
136,136,1980-10-12,1978-09-19,35347493,35349391,Crosscurrents: Neoclassical Drawings and Prints,http://collection.cooperhewitt.org/exhibitions/35349391/
1,1,1990-04-29,1989-11-17,35347493,35349383,"Renaissance into Baroque: Italian Master Drawings by the Zuccari, 1550-1600",http://collection.cooperhewitt.org/exhibitions/35349383/
114,112,1974-02-03,1973-06-14,35347493,35349385,The Art of Decoration: Drawings and Objects from the Collection of the Cooper-Hewitt Museum,http://collection.cooperhewitt.org/exhibitions/35349385/
718,497,1992-08-30,1991-03-26,35347495,35349375,The Cooper-Hewitt Collections: A Design Resource,http://collection.cooperhewitt.org/exhibitions/35349375/
2,2,1975-03-16,1975-01-19,35347493,35349393,Carlo Maratti and his Contemporaries: Figurative Drawings from the Roman Baroque,http://collection.cooperhewitt.org/exhibitions/35349393/
76,1,1988-03-06,1987-11-17,35347499,35349349,"Vienna/New York: The Work of Joseph Urban, 1872-1933",http://collection.cooperhewitt.org/exhibitions/35349349/
20,10,1995-01-22,1994-05-17,35347495,35349331,A Royal Gift: The 1826 Porcelain Jewel Cabinet,http://collection.cooperhewitt.org/exhibitions/35349331/
18,18,1956-08-31,1956-04-26,35347493,35349377,Design by the Yard,http://collection.cooperhewitt.org/exhibitions/35349377/
3,3,1994-05-01,1993-07-22,35347493,35349395,Visions of Antiquity,http://collection.cooperhewitt.org/exhibitions/35349395/
753,56,1989-08-06,1989-03-30,35347495,35349303,L'Art De Vivre:  Decorative Arts and Design in France 1789-1989,http://collection.cooperhewitt.org/exhibitions/35349303/
15,12,1985-10-13,1985-06-04,35347493,35349373,Wine: Celebration and Ceremony,http://collection.cooperhewitt.org/exhibitions/35349373/
33,30,1963-03-22,1963-02-11,35347493,35349397,Old Master Drawings from the Cooper Union Museum,http://collection.cooperhewitt.org/exhibitions/35349397/
3,3,1962-04-13,1962-03-19,35347493,35349387,Scenes and Spectacles: The Theatre-World of the Baroque,http://collection.cooperhewitt.org/exhibitions/35349387/
4,1,1975-04-05,1975-03-18,35347493,35349371,Master Printmakers,http://collection.cooperhewitt.org/exhibitions/35349371/
1,1,1964-11-29,1964-11-03,35347493,35349367,The Nude in Art,http://collection.cooperhewitt.org/exhibitions/35349367/
65,45,1993-04-09,1992-11-24,35347495,35349379,From Background to Foreground: Looking at an 18th Century Wallpaper,http://collection.cooperhewitt.org/exhibitions/35349379/
128,5,1993-03-07,1992-10-05,35347495,35349307,The Power of Maps,http://collection.cooperhewitt.org/exhibitions/35349307/
60,56,1961-11-11,1959-11-11,35347493,35349389,Five Centuries of Drawing,http://collection.cooperhewitt.org/exhibitions/35349389/
280,27,1989-05-28,1988-11-15,35347499,35349329,"Courts and Colonies: The William and Mary Style in Holland, England and America",http://collection.cooperhewitt.org/exhibitions/35349329/
44,8,1990-10-14,1990-06-08,35347495,35349337,Doghouses,http://collection.cooperhewitt.org/exhibitions/35349337/
11,11,1948-02-28,1948-02-01,35347493,35349517,Homer and Moran,http://collection.cooperhewitt.org/exhibitions/35349517/
22,22,1966-12-20,1966-11-29,35347493,35349569,The Paintings of Winslow Homer from Cooper Union Museum,http://collection.cooperhewitt.org/exhibitions/35349569/
3,3,1978-11-05,1978-09-19,35347493,35349521,Winslow Homer: Works on Paper (1978),http://collection.cooperhewitt.org/exhibitions/35349521/
9,9,1979-02-25,1979-01-28,35347493,35349513,Winslow Homer Drawings 1875-1885: Houghton Farm to Prout's Neck,http://collection.cooperhewitt.org/exhibitions/35349513/
1,1,1934-01-16,1934-01-06,35347493,35349535,Winslow Homer (Princeton),http://collection.cooperhewitt.org/exhibitions/35349535/
9,9,1963-07-07,1963-04-17,35347493,35349591,Thomas Moran 1837-1926,http://collection.cooperhewitt.org/exhibitions/35349591/
26,26,1971-04-18,1971-03-23,35347493,35349523,Drawn From Nature/Drawn From Life,http://collection.cooperhewitt.org/exhibitions/35349523/
6,6,1985-04-14,1985-03-01,35347493,35349583,Two Artists of the American West: Albert Bierstadt and Thomas Moran,http://collection.cooperhewitt.org/exhibitions/35349583/
3,3,1974-04-19,1974-03-15,35347493,35349557,Unknown Title,http://collection.cooperhewitt.org/exhibitions/35349557/
11,11,1981-01-04,1980-05-23,35347493,35349585,The Most Remarkable Scenery: Thomas Moran Watercolors of the American West,http://collection.cooperhewitt.org/exhibitions/35349585/
3,3,1951-03-31,1951-02-01,35347493,35349545,"Winslow Homer, Illustrator 1860-1875",http://collection.cooperhewitt.org/exhibitions/35349545/
19,19,1974-10-19,1974-10-01,35347493,35349575,"Thomas Moran, Drawings of the West",http://collection.cooperhewitt.org/exhibitions/35349575/
1,1,1968-11-10,1968-09-30,35347493,35349593,They Saw the West,http://collection.cooperhewitt.org/exhibitions/35349593/
1,1,1939-09-01,1939-05-15,35347493,35349541,New England Genre,http://collection.cooperhewitt.org/exhibitions/35349541/
1,1,1956-04-21,1956-01-31,35347493,35349549,Exercise,http://collection.cooperhewitt.org/exhibitions/35349549/
78,78,1937-03-07,1937-01-28,35347493,35349555,Centenary Exhibition of Works of Winslow Homer,http://collection.cooperhewitt.org/exhibitions/35349555/
12,12,1986-05-11,1986-03-02,35347493,35349501,Winslow Homer Watercolors,http://collection.cooperhewitt.org/exhibitions/35349501/
2,2,1976-12-12,1976-07-08,35347493,35349553,The American Personality: Artist-Illustrator of Life in the U.S. 1860-1930,http://collection.cooperhewitt.org/exhibitions/35349553/
1,1,1992-02-02,1991-11-01,35347493,35349531,"Winslow Homer: Water and Light: Selected Watercolors, 1874-1897",http://collection.cooperhewitt.org/exhibitions/35349531/
7,7,1965-07-25,1965-06-04,35347493,35349577,The Moran Family,http://collection.cooperhewitt.org/exhibitions/35349577/
14,14,1936-06-08,1936-05-02,35347493,35349509,Winslow Homer 1836-1910 (1936),http://collection.cooperhewitt.org/exhibitions/35349509/
6,6,1954-09-12,1954-07-01,35347493,35349547,Second Annual Exhibition,http://collection.cooperhewitt.org/exhibitions/35349547/
1,1,1962-07-01,1962-03-26,35347493,35349533,The Nineteenth Century: One Hundred Twenty-Five Master Drawings,http://collection.cooperhewitt.org/exhibitions/35349533/
6,6,1972-08-27,1972-07-23,35347493,35349581,National Parks and the American Landscape,http://collection.cooperhewitt.org/exhibitions/35349581/
1,1,1977-07-05,1977-06-14,35347493,35349595,Late Nineteenth-Century American Drawings and Watercolors,http://collection.cooperhewitt.org/exhibitions/35349595/
7,7,1954-03-06,1954-01-29,35347493,35349503,American Drawings,http://collection.cooperhewitt.org/exhibitions/35349503/
12,12,1979-03-04,1979-02-13,35347493,35349539,"Drawings by Centurions, lent by the Cooper-Hewitt Museum",http://collection.cooperhewitt.org/exhibitions/35349539/
5,5,1991-08-18,1991-05-31,35347493,35349573,The Western Watercolors of Thomas Moran,http://collection.cooperhewitt.org/exhibitions/35349573/
3,3,1964-11-15,1964-10-11,35347493,35349527,Paintings by Winslow Homer,http://collection.cooperhewitt.org/exhibitions/35349527/
1,1,1981-01-24,1980-11-29,35347493,35349587,Thomas Moran: A Search for the Scenic,http://collection.cooperhewitt.org/exhibitions/35349587/
3,3,1972-09-30,1972-06-15,35347493,35349571,Thomas Moran in Yellowstone,http://collection.cooperhewitt.org/exhibitions/35349571/
3,2,1971-02-10,1971-01-07,35347493,35349563,"Definitions, Selections from the Cooper-Hewitt Museum of Decorative Arts,..",http://collection.cooperhewitt.org/exhibitions/35349563/
2,2,1970-06-30,1968-10-28,35347493,35349565,The Graphic Art of Winslow Homer,http://collection.cooperhewitt.org/exhibitions/35349565/
14,14,1996-09-22,1995-10-15,35347493,35349515,"Winslow Homer (Nat'l Gallery, DC 1995/96)",http://collection.cooperhewitt.org/exhibitions/35349515/
1,1,1959-09-15,1959-08-15,35347493,35349567,Winslow Homer in the Adirondacks: An Exhibition of Paintings,http://collection.cooperhewitt.org/exhibitions/35349567/
5,5,1937-01-15,1936-12-15,35347493,35349511,Winslow Homer Centenary Exhibition (1936/37),http://collection.cooperhewitt.org/exhibitions/35349511/
9,9,1988-11-05,1988-09-20,35347493,35349505,Winslow Homer: All the Cullercoats Pictures,http://collection.cooperhewitt.org/exhibitions/35349505/
1,1,1968-05-11,1968-04-14,35347493,35349551,History of Illustration,http://collection.cooperhewitt.org/exhibitions/35349551/
46,45,1995-12-31,1995-04-05,35347493,35349559,"Nature Observed, Nature Interpreted...",http://collection.cooperhewitt.org/exhibitions/35349559/
1,1,1990-08-12,1990-07-24,35347493,35349589,One Hundred Years of Idaho Art: l850-l950,http://collection.cooperhewitt.org/exhibitions/35349589/
6,6,1976-05-30,1976-04-04,35347493,35349599,The Drawings and Watercolors of Thomas Moran (1976),http://collection.cooperhewitt.org/exhibitions/35349599/
1,1,1985-01-09,1984-11-09,35347493,35349529,Winslow Homer and the New England Coast,http://collection.cooperhewitt.org/exhibitions/35349529/
84,61,1989-03-05,1989-01-22,35347493,35349519,Training the Hand and Eye: American Drawings from the Cooper-Hewitt Museum,http://collection.cooperhewitt.org/exhibitions/35349519/
7,7,1974-05-26,1974-03-15,35347493,35349537,Winslow Homer (So. Carolina),http://collection.cooperhewitt.org/exhibitions/35349537/
8,7,1949-04-02,1949-02-23,35347495,35350621,Nine Lives,http://collection.cooperhewitt.org/exhibitions/35350621/
2,2,1952-01-12,1951-11-29,35347495,35350635,"Lacquer, Oriental and Western",http://collection.cooperhewitt.org/exhibitions/35350635/
10,8,1961-06-16,1961-03-24,35347495,35350683,Four Continents (1961),http://collection.cooperhewitt.org/exhibitions/35350683/
3,3,1958-02-19,1958-01-16,35347495,35350665,William Stanley Haseltine (1958),http://collection.cooperhewitt.org/exhibitions/35350665/
10,10,1946-03-21,1945-09-14,35347495,35350607,Chinoiserie (1945/6),http://collection.cooperhewitt.org/exhibitions/35350607/
2,2,1987-01-25,1986-11-03,35347497,35350017,Berlin 1900-1933: Architecture and Design,http://collection.cooperhewitt.org/exhibitions/35350017/
79,59,1995-08-20,1994-09-13,35347497,35350069,Structure of Style:  Dutch Modernism in the Applied Arts 1880-1930 [The],http://collection.cooperhewitt.org/exhibitions/35350069/
16,8,1994-01-02,1993-12-01,35347493,35350021,Day Without Art,http://collection.cooperhewitt.org/exhibitions/35350021/
2,1,1993-10-31,1993-09-12,35347497,35350013,"Passion, Politics and Poetry: Storytelling in 20th Century American Craft",http://collection.cooperhewitt.org/exhibitions/35350013/
16,15,1974-01-01,1974-01-01,35347497,35350035,Masterpieces of Irish Art,http://collection.cooperhewitt.org/exhibitions/35350035/
8,1,1994-01-02,1993-08-17,35347497,35350043,Mechanical Brides: Women and Machines from Home to Office,http://collection.cooperhewitt.org/exhibitions/35350043/
7,7,1995-08-21,1994-09-13,35347501,35350023,"Dutch Modernism: The Structure of Style in the Applied Arts, 1880-1930",http://collection.cooperhewitt.org/exhibitions/35350023/
39,38,1995-05-23,1995-02-07,35347493,35350061,"Elaine Lustig Cohen, Modern Graphic Designer",http://collection.cooperhewitt.org/exhibitions/35350061/
1,1,1991-10-06,1991-09-08,35347497,35350057,Elsa Freund: American Studio Jeweler,http://collection.cooperhewitt.org/exhibitions/35350057/
163,5,2000-08-06,2000-03-07,35347495,35350093,Design Culture Now: National Design Triennial 2000,http://collection.cooperhewitt.org/exhibitions/35350093/
7,7,0000-00-00,1971-01-01,35347497,35350041,Pennsbury Manor,http://collection.cooperhewitt.org/exhibitions/35350041/
200,195,1993-04-14,1992-11-24,35347497,35350049,"Revolution, Life, and Labor:  Soviet Porcelains 1918-1985",http://collection.cooperhewitt.org/exhibitions/35350049/
2,1,1995-01-22,1994-05-17,35347497,35350055,"Royal Gift: The 1826 Porcelain Jewel Cabinet, A",http://collection.cooperhewitt.org/exhibitions/35350055/
146,30,1990-09-23,1990-04-03,35347501,35350001,"Color, Light, Surface: Contemporary Fabrics",http://collection.cooperhewitt.org/exhibitions/35350001/
1,1,1990-01-07,1989-12-07,35347497,35350053,Gijs Bakker Retrospective,http://collection.cooperhewitt.org/exhibitions/35350053/
11,11,1980-06-01,1980-03-01,35347497,35350031,Irish Decorative Arts of the 18th Century,http://collection.cooperhewitt.org/exhibitions/35350031/
3,2,1987-06-01,1987-04-01,35347497,35350009,Postmodern Designers,http://collection.cooperhewitt.org/exhibitions/35350009/
13,13,1980-06-01,1980-03-01,35347497,35350033,"New York State Museum  Albany, NY",http://collection.cooperhewitt.org/exhibitions/35350033/
1,1,1979-01-27,1978-12-08,35347495,35350095,The Shopping Bag: Portable Graphic Art,http://collection.cooperhewitt.org/exhibitions/35350095/
1,1,1985-08-31,1985-06-01,35347497,35350003,Cooper-Hewitt Museum Library,http://collection.cooperhewitt.org/exhibitions/35350003/
10,9,0000-00-00,1971-04-01,35347497,35350039,Waterford Galleries,http://collection.cooperhewitt.org/exhibitions/35350039/
3,3,1972-01-01,1972-01-01,35347497,35350027,Irish Tourist Board,http://collection.cooperhewitt.org/exhibitions/35350027/
35,9,1995-02-26,1994-10-04,35347497,35350071,Good Offices and Beyond: The Evolution of the Workplace,http://collection.cooperhewitt.org/exhibitions/35350071/
1,1,1994-08-13,1994-04-29,35347493,35350063,Rolywholyover A Circus,http://collection.cooperhewitt.org/exhibitions/35350063/
4,1,1984-11-04,1984-08-14,35347501,35350015,Damask,http://collection.cooperhewitt.org/exhibitions/35350015/
30,23,1999-08-08,1999-04-27,35347495,35350079,The Huguenot Legacy: English Silver 1680-1760,http://collection.cooperhewitt.org/exhibitions/35350079/
15,8,1993-09-26,1993-05-04,35347501,35350051,Design and Fabric Technology: Pushing the Limits,http://collection.cooperhewitt.org/exhibitions/35350051/
16,15,0000-00-00,1975-12-01,35347497,35350037,Henry Morrison Flagler Museum,http://collection.cooperhewitt.org/exhibitions/35350037/
